Workbook
Name ＤＢ・DCリスト: 選択リスト一覧!$G$10:$G$28
Name ＯＳリスト: 選択リスト一覧!$E$10:$E$28
Name OSロスト: 選択リスト一覧!#REF!
Name プロダクトリスト: 選択リスト一覧!$H$10:$H$28
Name 機種リスト: 選択リスト一覧!$D$10:$D$28
Name 業務範囲: 選択リスト一覧!$I$11:$I$12
Name 業務範囲リスト: 選択リスト一覧!$B$9:$I$30
Name 言語リスト: 選択リスト一覧!$F$10:$F$28
Name 作業工程リスト: 選択リスト一覧!#REF!
Name 性別リスト: 選択リスト一覧!$B$10:$B$28
Name 役割リスト: 選択リスト一覧!$C$10:$C$28

Sheet 入力ガイド
C1: スキルシート・入力ガイド
B3: 項番 | C3: 項目 | D3: 入力形式（注） | E3: 入力内容／方法
B4: 1 | C4: ﾌﾘｶﾞﾅ | D4: 直接入力 | E4: 半角ｶﾀｶﾅで、氏と名の間は半角ｽﾍﾟｰｽ
B5: 2 | C5: 名前 | D5: 直接入力 | E5: 全角で、氏と名の間は全角スペース
B6: 3 | C6: 性別 | D6: リスト入力 | E6: リスト入力（男／女）
B7: 4 | C7: 生年月日 | D7: 直接入力 | E7: 西暦にて（yyyy/mm/dd)入力
B8: 5 | C8: 年齢 | D8: 自動計算 | E8: 入力不可：生年月日より自動計算します
B9: 6 | C9: 最終学歴・出身校 | D9: 直接入力 | E9: 学校名を入力、必要に応じて2件まで入力可
B10: 7 | C10: 最終学歴・専攻学科 | D10: 直接入力 | E10: 専攻学部または専攻学科を入力
B11: 8 | C11: 最終学歴・卒業年度 | D11: 直接入力 | E11: 卒業年を西暦(yyyy)にて入力
B12: 9 | C12: 資格・資格名 | D12: 直接入力 | E12: 資格名を入力、必要に応じて４件まで入力可
B13: 10 | C13: 資格・取得年度 | D13: 直接入力 | E13: 資格取得の年度を西暦（yyyy)にて入力
B14: 11 | C14: 最寄駅・路線名 | D14: 直接入力 | E14: 最寄の駅の使用路線を入力
B15: 12 | C15: 最寄駅・駅名 | D15: 直接入力 | E15: 最寄の駅の駅名を入力
... B29: 26 | C29: プロダクト | D29: リスト入力 | E29: プロダクトをﾄﾞﾛｯﾌﾟﾀﾞｳﾝ･ﾘｽﾄより選択する 該当する項目がない場合は、ﾜｰｸｼｰﾄに追加・修正して対応する（直接入力も可能） ２つまで入力可
C31: （注） | D31: 直接入力 | E31: 直接文字列、日付等を入力する
D32: リスト入力 | E32: ﾄﾞﾛｯﾌﾟﾀﾞｳﾝ･ﾘｽﾄ形式により選択入力する、該当項目がない場合は［選択リスト一覧］の該当項目に追加・修正する（直接入力も可能）
D33: 自動計算 | E33: 自動的に計算するため、入力不可
B35: ※ | C35: 業務経歴欄が不足した場合、コピーして追加してください
C36: 業務経歴欄には計算式が入っているセルがあるので、注意してください
C37: 業務経歴欄の行を増やしたり、削除したりしないでください

Sheet 選択リスト一覧
B2: 選択リスト一覧
B4: スキルシート入力時の選択リストとして使用する。
B5: 該当する項目がない場合は、追加、修正して使用する。
B6: 但し、［役割］については、それぞれの経験年数集計を行っているため、追加は可とするが、
B7: 変更は不可とする
B9: 性別 | C9: 役割 | D9: 機種 | E9: OS | F9: 言語 | G9: ＤＢ／ＤＣ | H9: プロダクト | I9: 業務範囲
B11: 男 | C11: PM | D11: RS/6000 | E11: AIX4.X | F11: C | G11: UDB | H11: WebSphere | I11: ●
B12: 女 | C12: PL | D12: SUN | E12: AIX5L | F12: C++ | G12: DB2 | H12: Tivoli
C13: SL | D13: HP | E13: HP/UX | F13: VB | G13: ORACLE | H13: HACMP
C14: SE | D14: UNIX機 | E14: Solaris | F14: VC++ | G14: SYBASE | H14: CICS
C15: PG | D15: DOS/V | E15: UNIX | F15: Java | G15: Informix | H15: IMS
C16: － | D16: IBMﾎｽﾄ | E16: Linux | F16: COBOL | G16: Access | H16: Notes
D17: 日立ﾎｽﾄ | E17: WIN･95 | F17: PL/1 | G17: IMS
D18: 富士通ﾎｽﾄ | E18: WIN･98 | F18: Pascal | G18: MQ
D19: Palm | E19: WIN･NT | F19: FORTRAN | G19: TCP/IP
E20: WIN･2000 | F20: ASM | G20: SNA
E21: WIN･XP | F21: ASP | G21: HNA
E22: WIN･3.1 | F22: JSP | G22: OSI
E23: MS-DOS | F23: sh | G23: APPC
E24: OS/2 | F24: ksh
E25: MVS | F25: csh
E26: VOS | F26: perl
E27: VM | F27: Power Builder
E28: OS/400 | F28: Ladders
E29: PalmOS | F29: PHP

Sheet スキルシート
B2: ﾌﾘｶﾞﾅ | E2: ｻｻｷ ｼｮｳﾍｲ | F2: 性別 | H2: 生年月日 | P2: 年齢 | Q2: 経験年数
B3: 氏名 | E3: 佐々木 翔平 | F3: 男 | H3: 38714 | P3: =IF(H3="",0,DATEDIF(H3,TODAY(),"y"))&"歳" -> 20歳
B4: 最終学歴 | E4: 出身校 | H4: 専攻学科 | P4: 卒業年度 | Q4: =選択リスト一覧!C11 -> PM | R4: =選択リスト一覧!C12 -> PL | S4: =選択リスト一覧!C13 -> SL | T4: =選択リスト一覧!C14 -> SE
E5: 盛岡情報ITクリエイター専門学校 | H5: システム開発 | P5: 2026 | Q5: =SUMIF(P24:P719,Q4,D24:D719)/12 -> 0 | R5: =SUMIF(P24:P719,R4,D24:D719)/12 -> 0 | S5: =SUMIF(P24:P719,S4,D24:D719)/12 -> 0 | T5: =SUMIF(P24:P719,T4,D24:D719)/12 -> 0
Q6: =選択リスト一覧!C15 -> PG | R6: =選択リスト一覧!C16 -> － | S6: その他 | T6: 合計
Q7: =SUMIF(P24:P719,Q6,D24:D719)/12 -> 0 | R7: =SUMIF(P24:P719,R6,D24:D719)/12 -> 0 | S7: =T7-(Q5+R5+S5+T5+Q7+R7) -> 0 | T7: =SUM(D24:D45)/12 -> 0
B8: 資格 | E8: 資格名 | H8: 国別 | K8: 取得年月 | P8: 最寄駅 | Q8: 路線名 | R8: 都営三田線 | S8: 来日年月日 | T8: -
E9: 日本ビジネス技能検定 ３級 | H9: 日本 | K9: 2024/8/ | Q9: 駅名 | R9: 新板橋駅 | S9: 日本滞在期間 | T9: -
E10: 普通自動車第一種運転免許証 | H10: 日本 | K10: 45413 | P10: 経験 | Q10: 機種 | R10: PC
Q11: ＯＳ | R11: Windows、Linux、IOS、android
Q12: 言語 | R12: Python、HTML、CSS、java、JavaScript、C
B13: 自己ＰＲ | E13: 中学生時代には部活動でキャプテンを務め、チームをまとめる経験を積みました。 専門学校時代には、飲食店での厨房のアルバイトを通して、忙しい時間帯におけるスタッフ同士の連携や周囲への気配りの重要性を学びました。また、新人教育を任される中で、相手に合わせて指導する力や、チーム全体を意識した行動力を身につけました。 卒業制作ではリーダーを務め、メンバーの意見を積極的に取り入れながらチーム内で共有し、成果物の改善に繋げました。これにより、円滑なコミュニケーションを図りながらチームで開発を進める力を養いました。 さらに、技術面ではPythonおよびDjangoを用いたWebアプリケーション開発に取り組み、ユーザー認証機能や画面の構築を行いました。今後も新しい技術に主体的に挑戦し、チームに貢献できるエンジニアを目指してまいります。 以下が卒業制作で作成したアプリ詳細となります。 ---------------- ◆卒業制作サイト(中学生向けの図書検索サイト) Djangoを用いたPythonのWebアプリケーションを開発し、ログイン・ログアウト機能などのユーザー認証機能を実装しました。認証状態に応じたホーム画面の表示やプロフィール機能を構築し、新着のおすすめ書籍を表示する機能も実装しました。また、フォーム送信や画面遷移を通して、GETやPOSTによるリクエスト処理など、HTTP通信の基本的な流れを意識しながら開発を行いました。 チーム開発ではリーダーを務めましたが、当初は進捗管理やタスクの割り振りが不十分で、スケジュール通りにまとめることが難しい状況となりました。そこで、作業の優先順位を見直し、必要な機能に絞って開発を進めるとともに、定期的な進捗共有を行うことで立て直しを図りました。 この経験から、事前の計画と進捗管理の重要性に加え、状況に応じて優先順位を判断する力や、チーム内での情報共有の大切さを学びました。 ■担当内容: 設計:シーケンス図の作成 製造:クイズ、ハンバーガーメニューの作成 試験項目:ログイン認証、ログアウト、画面表示・遷移、新着書籍表示の確認 5人チームのリーダー、設計の立案、提案、記録係、修正
Q14: ＤＢ／ＤＣ | R14: MySQL,H2
Q16: プロダクト | R16: Visual Studio、Eclipse
E18: ＊役割 PM＝プロジェクトマネージャー PL=プロジェクトリーダー SL＝サブリーダー SE＝SE PG=プログラマー
H19: 業務範囲：該当欄に ● を選択。
B20: 項番 | C20: 期間（自） | D20: 期間（月数） | E20: 業務・顧客分野 | H20: 業務範囲 | P20: 役割 | Q20: 機種／ＯＳ | R20: 言語 | S20: ＤＢ／ＤＣ | T20: プロダクト
C21: （至） | E21: 業務内容 | H21: 要件定義 | I21: 基本 | K21: 詳細設計 | L21: 製造UT | M21: 結合T | N21: ｼｽﾃﾑT | O21: 運用・他
C22: 年月数 | I22: 外部 | J22: 内部 | P22: ﾒﾝﾊﾞｰ数
B24: 1 | D24: =IF(C25="",0,DATEDIF(C24,C25,"m")+1) -> 0 | I24: ● | J24: ● | K24: ● | L24: ● | M24: ● | P24: SE | Q24: Windows | R24: Java | S24: MySQL | T24: Visual Studio
Q25: Linux | R25: C# | T25: TeraTerm
C26: =IF(C25="","",INT(D24/12)&"年"&MOD(D24,12)&"ヶ月") | P26: 2 | R26: C | T26: Eclipse
Q27: windows | R27: Java | T27: Visual Studio
B28: 2
B32: 3
B36: 29 | D36: =IF(C37="",0,DATEDIF(C36,C37,"m")+1) -> 0
C38: =IF(C37="","",INT(D36/12)&"年"&MOD(D36,12)&"ヶ月")
B40: 30 | D40: =IF(C41="",0,DATEDIF(C40,C41,"m")+1) -> 0
C42: =IF(C41="","",INT(D40/12)&"年"&MOD(D40,12)&"ヶ月")
